r_tipo,nombre,cantidad_sugerida,unidad,peso_bruto,peso_neto,energia,proteina,lipidos,hco,fibra,acido_folico,calcio,hierro,indice_glicemico,carga_glicemica,azucar,sodio
3,Alegría natural,5,cucharadita,21,21,74,2.7,1.5,13.5,1.4,0,0.5,0.7,,,,0
3,Alegría tostada,4,cucharadita,16,16,63,2.2,1.3,11.7,1.6,0,47.9,0.3,,,,0
3,Amaranto tostado,0.25,taza,16,16,63,2.2,1.3,11.6,1.6,0,47.5,0.3,,,,0
3,"Anillos de trigo azucarados de
colores",0.5,taza,16,16,63,1,0.6,13.4,0.2,0,1.5,2.3,,,,53.5
3,Barquillo,1.5,pieza,15,15,64,1.1,1.1,12,0.4,0,3.8,0.5,,,,22.5
3,Birote,0.3,pieza,22,22,67,2.1,0,14.1,0.1,0,9.1,0.3,,,,123.3
3,Bolillo,0.3,pieza,20,20,61,1.9,0,12.8,0.1,0,8.3,0.2,,,,112.7
3,Bolillo integral,0.3,pieza,20,20,64,2.1,0.1,13.4,0.2,0,12.3,0.6,,,,68.5
3,"Cereal de maíz reventado con
azúcar",0.5,taza,16,16,59,0.5,0.5,13.6,0.6,0,25.8,9.9,,,,620
3,"Cereales de maíz reventado
sabor chocolate y crema de
cacahucate",0.3,taza,14,14,61,0.9,1.6,10.6,0.6,0,46.7,2.3,,,,93.3
3,"Coditos con crema
deshidratados",1.5,cucharada,15,15,61,1.9,1.5,9.6,0,0,0,0.2,,,,122.9
3,Cúrcuma,160,g,160,138,73,5.6,0,13.2,1.7,0,70.2,16.8,,,,0
3,Bolillo integral sin migajón,0.3,pieza,20,20,64,2.1,0.1,13.4,0.2,0,12.3,0.6,,,,68.5
3,Bolillo sin migajón,0.3,pieza,20,20,61,1.9,0,12.8,0.1,0,8.3,0.2,,,,112.7
3,Camote con miel,0.3,taza,59,59,59,0.3,0,14.4,1.2,0,4.3,0.2,,,,7.6
3,Camote con naranja,0.2,taza,40,40,61,0.2,0,15.2,0,0,3.3,0.1,,,,4.2
3,"Cereal de galleta de chispa de
chocolate",0.5,taza,15,15,60,0.5,0.8,13,0.6,0,50,2.3,,,,85
3,Fécula de maíz,2,cucharada,16,16,60,0,0,14.4,0,0,0,0,,,,0
3,Fécula de maíz de sabor,2,cucharada,16,16,60,0,0,14.4,0,0,0,0,,,,0
3,Fibra uno,0.5,taza,30,30,60,2,1,25,14.2,0,100,4.5,,,,105
3,Fideo con tomate deshidratado,2,cucharada,20,20,72,2.6,1,13.3,0,0,0,0.3,,,,399.4
3,Fideo seco deshidratado,2,cucharada,20,20,72,2.6,1,13.3,0,0,0,0.3,,,,399.4
3,Galletas para sopa,14,pieza,18,18,70,1.2,1.8,12.8,0,0,0,0,,,,268.3
3,"Galletas de maíz horneadas sin
grasa (salmas)",3,pieza,18,18,64,1.4,0.6,13,1.4,0,0,0,,,,67.9
3,Gluten de trigo,3,cucharada,18,18,68,7.5,0.3,8.5,0,0,7.2,0,,,,0.4
3,Harina de cebada,2,cucharada,18,18,62,2.2,0.3,10.9,2.2,0,0,0,,,,0.4
3,Harina de centeno,2,cucharada,18,18,63,2.1,0.3,13.6,0.2,0,4.9,0.5,,,,0.2
3,Harina de maíz para atole,2,cucharada,15,15,60,1.2,0.8,11.8,0.2,0,5.3,0.4,,,,0
3,Harina de maíz para tamales,2,cucharada,14,14,62,1.4,0.7,12.7,0.1,0,19.4,0.5,,,,0.1
3,Harina nixtamalizada,2.5,cucharada,18,18,67,1.3,0.8,13.8,1.7,0,24.9,0.7,,,,0.2
3,Harina para reposteria,2,cucharada,16,16,60,1.7,0.2,12.6,0.1,0,5,0,,,,0.3
3,Harina para tamales,2,cucharada,14,14,62,1.4,0.7,12.7,0.1,0,19.4,0.5,,,,0.1
3,"Hilos de trigo entrelazados con
miel maple y azúcar",9,pieza,20,20,69,1.6,0.3,16,1.9,0,6.4,6.1,,,,0.4
3,Hojuelas de 7 fibras,0.3,taza,20,20,70,2.8,0.3,15.4,2.8,0,13.9,0.5,,,,10.6
3,"Hojuelas de avena eulzadas
con miel y almeras",0.3,taza,14,14,59,1.1,1.2,11.3,0.7,0,5.1,3.8,,,,87.3
3,"Hojuelas de avena
instantaneas con pasas. dátiles
y nueces. Preparado",0.25,taza,61,61,71,1.7,1.1,14.3,1.3,0,56.6,2.1,,,,125.7
3,"Hojuelas de avena. fruta seca y
nueces",0.25,taza,21,21,72,2.1,1.1,16.5,1.6,0,0,1.9,,,,49
3,Hojuelas de salvado,0.3,taza,21,21,67,1.8,0.5,16,2.3,0,9.8,2.6,,,,119.7
3,Hojuelas de salvado con pasas,0.3,taza,19,19,66,1.1,0.4,15.8,1.4,0,6.7,1.6,,,,73.2
3,Hojuelas de trigo,0.5,taza,18,18,59,1.8,0.3,14.1,0.3,0,7.2,0.8,,,,180.6
3,Hojuelas de trigo integral,0.5,taza,16,16,59,3.5,0.3,11,0.4,0,4.5,4.2,,,,112
3,"Hojuelas de trigo integral con
frutos rojos",0.5,taza,16,16,57,1.9,0.2,12.5,0.5,0,9.5,4.1,,,,110
3,"Hojuelas de trigo integral con
chispas de yogur",0.5,taza,19,19,64,2.1,0.1,14.7,3.4,0,12,1.5,,,,78.3
3,"Hojuelas de trigo integral con
fibra extra",0.5,taza,26,26,50,3.8,1.2,26,16.9,0,1404,60.8,,,,1612
3,"Hojuelas de trigo integral con
frutas y yogur",0.3,taza,15,15,57,1,0.4,11.6,0.4,0,3.3,2.1,,,,63.9
3,Hojuelas de trigo negro,0.3,taza,59,59,54,2,0.4,11.7,1.6,0,4.2,0.5,,,,2.5
3,"Hojuelas avena instantánea
con manzana y canela",0.3,taza,79,79,69,1.4,0.8,14,1.4,0,58.1,2,,,,87.2
3,Maicena,2,cucharada,16,16,60,0,0,14.4,0,0,0,0,,,,0
3,Maicena sabor,2,cucharada,16,16,60,0,0,14.4,0,0,0,0,,,,0
3,Maíz,20,g,20,18,67,2.2,0.9,13,2.2,0,1.5,0.4,,,,0.2
3,Maíz amarillo cocido,20,g,20,18,67,2.2,0.9,13,2.2,0,1.5,0.4,,,,0.2
3,Maíz azul,20,g,20,18,67,1.5,0.8,13.7,2.2,0,29.3,0.5,,,,0.2
3,Maíz blanco,20,g,20,18,67,2.2,0.9,13,2.2,0,1.5,0.4,,,,0.2
3,Maíz cacahuacintle,20,g,20,18,67,2.2,0.9,13,2.2,0,1.5,0.4,,,,0.2
3,Maíz cacahuacintle,20,g,20,18,67,2.2,0.9,13,2.2,0,1.5,0.4,,,,0.2
3,Maíz palomero,20,g,20,20,73,2.4,0.9,14.2,2.4,0,3.4,0.4,,,,0.2
3,Maíz pozolero,0.3,taza,54,54,58,1.8,0.7,13.6,1.5,0,1.1,0.3,,,,9.2
3,Maizena,2,cucharada,16,16,60,0,0,14.4,0,0,0,0,,,,0
3,Masa de maíz,45,g,45,45,69,1.6,0.9,14.3,1.5,0,31.5,0.7,,,,0
3,Masa de maíz amarillo,35,g,35,35,66,1.5,0.8,13.5,1.2,0,30.8,0.6,,,,0
3,Masa de maíz blanco,45,g,45,45,69,1.6,0.9,14.3,1.5,0,31.5,0.7,,,,0
3,Masa pasa tortillas,45,g,45,45,69,1.6,0.9,14.3,1.5,0,31.5,0.7,,,,0
3,Masa Yucatán,40,g,40,40,69,1.8,0.5,14.6,1.4,0,36,0.8,,,,0
3,Mijo crudo,15,g,15,15,57,1.7,0.6,10.9,1.3,0,1.2,0.5,,,,0.8
3,Nixtamal,45,g,45,45,69,1.6,0.9,14.3,1.5,0,31.5,0.7,,,,0
3,Palomitas fat free,2.5,taza,18,18,70,3.5,0,14,3.5,0,0,0,,,,140
3,Palomitas naturales,2.5,taza,18,18,70,3.5,0,14,3.5,0,0,0,,,,140
3,Palomitas sin grasa,2.5,taza,18,18,70,3.5,0,14,3.5,0,0,0,,,,140
3,Pan 5 granos,1,rebanada,25,25,62,2.4,2.1,9.6,1.6,0,0,0,,,,83
3,Pan bagel integral,0.3,pieza,23,23,60,2.5,0.3,12.5,0.8,0,0,0,,,,118.8
3,Pan birote,0.3,pieza,22,22,67,2.1,0,14.1,0.1,0,9.1,0.3,,,,123.3
3,Pan de 5 granos,1,rebanada,25,25,62,2.4,2.1,9.6,1.6,0,0,0,,,,83
3,Pan de miel y avena,1,rebanada,28,28,71,3,1.1,12.7,0.9,0,19,1,,,,140
3,Pan de plátano,0.75,rebanada,21,21,68,0.9,2.2,11.5,0.2,0,4.4,0.3,,,,63.4
3,Pan de trigo con arroz,0.75,rebanada,21,21,59,1.4,1.5,10.2,0,0,14.7,0.4,,,,85.5
3,Pan molido,8,cucharadita,16,16,66,2.1,1,11.8,0.3,0,6.2,0.2,,,,95.8
3,Papa de agua,1,pieza,95,78,71,2.6,0.2,15.5,0.4,0,14.8,1.6,,,,0
3,Papilla de avena deshidratada,15,g,15,15,56,1,0.2,12,0.1,0,128.7,7.5,,,,41
3,Pasta con huevo,0.3,taza,15,15,57,1.9,0.6,11,0,0,5.2,0.4,,,,0.7
3,Pasta integral cruda,20,g,20,20,65,2.7,0.1,14.5,0.4,0,10.4,0.5,,,,1.6
3,Pasta tornillo,0.3,taza,15,15,57,1.9,0.6,11,0,0,5.2,0.4,,,,0.7
3,Peneques,2,pieza,26,26,58,1.5,0.4,12.3,1.2,0,28.1,0.7,,,,0
3,Pinole,15,g,15,15,58,1.6,0.9,11.3,0,0,11.9,1.2,,,,0
3,Puré de camote con naranja,0.25,taza,50,50,77,0.2,0,19,0,0,4.2,0.1,,,,5.2
3,Quinoa,20,g,20,20,74,2.8,1.2,12.8,1.4,0,9.4,0.9,,,,0.9
3,Raíz de chayote,100,g,100,80,63,1.6,0.2,14.2,0.3,0,5.6,0.6,,,,0
3,Sagú,55,g,55,44,70,1.1,0,16.3,0.8,0,8.8,1.4,,,,0
3,Sorgo,1.5,cucharada,18,18,61,2,0.6,13.4,0,0,5.1,0.8,,,,1.1
3,Tallarin cocido,0.3,taza,16,16,60,2,0.3,12.1,0.1,0,10.2,0.5,,,,0
3,Tortilla de maíz amarillo,1,pieza,32,32,68,1.5,0.6,14.5,0.7,0,62.7,0.8,,,,0
3,Tortilla de maíz azul o negro,1,pieza,32,32,70,1.6,0.9,14.1,0.3,0,40,0.8,,,,0.2
3,Tortilla de maíz y soya,1,pieza,33,33,75,2.2,1.4,13.8,0.7,0,42.2,1.6,,,,0
3,Tortilla de maíz y trigo,1,pieza,32,32,73,3.2,0.5,14.9,1.4,0,32.6,0.7,,,,0
3,Tortilla de nopal,3,pieza,69,69,60,3.2,1.2,13.1,9,0,135.2,1.8,,,,0
3,Tostada de maíz horneada,2,pieza,20,20,73,2,1.3,16,2,0,0,0,,,,0
3,Tpstada de nopal horneada,2,pieza,20,20,67,1.3,1.3,15.3,2.7,0,0,0,,,,0
3,Trigo,1.5,cucharada,21,21,71,2.2,0.5,15.4,0.7,0,12.2,0.2,,,,0.6
3,Trigo cocido,1.5,cucharada,21,21,70,2.2,0.5,15.1,0.7,0,12,0.2,,,,0.6
3,Trigo entero,2,cucharada,19,19,63,2,0.5,13.8,0.6,0,10.9,0.2,,,,0.6
3,Trigo negro,20,g,20,20,69,2.3,0.5,13.8,2.1,0,63.8,0,,,,64
3,trigo triturado,1.5,cucharada,20,20,66,2.1,0.5,14.3,0.6,0,11.3,0.2,,,,0.6
3,Yuca,0.25,pieza,88,60,72,0.6,0.4,16.8,0.7,0,30.9,1.4,,,,4.8
3,Yuquilla,150,g,150,129,68,5.3,0,12.4,1.5,0,65.8,15.7,,,,0
3,Amaranto cocido,2.5,taza,330,330,70,7,0.5,13.5,0,185,690,7.5,,,,70
3,Arroz crudo,20,g,20,20,72,1.3,0.1,15.9,,1.8,1.8,0.2,,,,0.2
3,Arroz inflado natural,0.5,taza,17,17,65,1.1,0.1,14.6,0.5,58.2,3,1,,,,126.2
3,Arroz integral crudo,20,g,20,20,72,0.5,0.5,15.2,0.7,4,6.6,0.4,,,,0.8
3,Arroz pulido crudo,20,g,20,20,72,1.3,0.1,15.9,,1.8,1.8,0.2,,,,0.2
3,Avena integral,0.3,taza,26,26,65,4.6,1.9,17.5,4.1,13.6,15.3,1.4,,,,0.9
3,Bagel de ajo,0.3,pieza,24,24,67,2.5,0.4,12.9,0.6,5.5,18.1,0.9,,,,129.4
3,Bagel de ajonjolí,0.3,pieza,24,24,74,2.7,0.7,12.9,0.6,5.3,0,0,,,,145.6
3,Bagel de avena,0.3,pieza,24,24,60,2.5,0.3,12.6,0.9,11,3,0.7,,,,120
3,Bagel de canela y pasas,0.3,pieza,24,24,65,2.3,0.4,13.1,0.5,5,4.3,0.9,,,,76.3
3,Bagel de cebolla,0.3,pieza,24,24,74,2.7,0.7,12.9,0.6,11,0,0,,,,145.6
3,Bagel integral,0.3,pieza,24,24,60,2.5,0.3,12.6,0.9,5.3,0,0,,,,120
3,Barra Special K varios sabores,1,pieza,24,24,90,2,1,19,,,,,,,,104.9
3,Codito crudo,20,g,20,20,74,2.5,0.2,15,0.1,5,5.4,0.3,,,,0.4
3,Crepa,2,pieza,30,30,69,1.6,1,13.1,0.5,0.2,0.3,0.3,,,,147.5
3,Crepas para rellenar,2,pieza,30,30,69,2.3,1.4,11.6,0.3,0.2,0.3,0.3,,,,116.4
3,Crepas saladas,2,pieza,30,30,69,1.6,1,13.1,0.5,0.2,0.3,0.3,,,,147.5
3,Croutones,0.5,taza,15,15,61,1.8,1,11.1,0.8,3.5,11.5,0.6,,,,104.5
3,Elote amarillo crudo,1.3,pieza,186,71,61,2.3,0.9,17.7,2,32.7,1.7,0.4,,,,12.1
3,Camote al honor,0.3,taza,70,70,70,1.2,0.1,16.4,1.3,15.9,24.7,0.4,,,,5.6
3,Camote amarillo,0.3,taza,69,54,68,0.8,0.4,15.3,1.6,7.6,23.2,1.3,,,,5.4
3,Camote cocido,0.3,taza,69,69,73,1.1,0.2,16.8,1.3,7.6,14.4,0.4,,,,8.9
3,Camote en dulce,0.2,taza,52,52,71,0.4,1.7,14.5,1.2,5.9,13.4,0.6,,,,36.6
3,Camote largo,0.25,pieza,75,59,73,0.8,0.5,16.6,1.7,8.2,25.2,1.4,,,,5.9
3,Camote poblano (dulce),0.75,pieza,45,45,62,0.4,1.5,12.6,1.1,5.1,11.6,0.5,,,,31.7
3,Canelones,4,pieza,20,20,68,1.9,0.1,14.6,0.4,5,5.2,0.4,,,,0.4
3,Cáscara de papa cruda,2.5,taza,125,125,73,3.2,0.1,15.6,3.1,21.3,37.5,4.1,,,,12.5
3,Cereal con avena con maple,0.3,taza,27,27,65,4.6,1.9,17.6,4.1,13.8,15.5,1.4,,,,0.9
3,Espagueti con espinacas cocido,0.3,taza,47,47,61,2.1,0.3,12.2,0,5.7,14,0.5,,,,6.7
3,Espagueti crudo,20,g,20,20,70,2.9,0.3,15,0.1,11.4,8,0.7,,,,1.6
3,Espagueto integral cocido,0.3,taza,46,46,57,2.5,0.3,12.3,2.1,2.3,6.9,0.5,,,,1.3
3,Espagueti integral crudo,20,g,20,20,70,2.9,0.3,15,0.1,11.4,8,0.7,,,,1.6
3,Espaguetti con espinacas cocid,0.3,taza,47,47,61,2.1,0.3,12.2,0,5.7,14,0.5,,,,6.7
3,Espaguetti crudo,20,g,20,20,70,2.9,0.3,15,0.1,11.4,8,0.7,,,,1.6
3,Fideo cocido,0.5,taza,20,20,74,2.5,0.2,15,0.1,5,5.4,0.3,,,,0.4
3,Fusili crudo,20,g,20,20,70,2.9,0.3,15,0.1,11.4,8,0.7,,,,1.6
3,Galleta barras de higo,1,pieza,16,16,56,0.6,1.2,11.3,0.7,2,10,0.5,,,,56
3,Galleta dulce,2,pieza,16,16,64,1.1,1.7,10.7,0.7,1.1,3.5,0.3,,,,48.5
3,Galleta dulce sin relleno,2,pieza,16,16,64,1.5,1.7,10.7,0.7,1.1,3.5,0.3,,,,48.5
3,Galleta salada,4,pieza,16,16,69,1.4,2.1,11.2,0,1.1,7.8,0.3,,,,176
3,Galleta salada molida,2.5,cucharada,15,15,65,1.3,2,10.5,0,1.1,7.4,0.2,,,,165
3,Harina de arroz refinada,2,cucharada,20,20,75,1.2,0.3,16.3,0.5,0.9,2,0.1,,,,0
3,Harina de centeno integral,2.5,cucharada,20,20,65,2.8,0.5,13.8,4.5,12,11.3,1.3,,,,0.2
3,Harina de maíz,2.5,cucharada,18,18,65,1.7,0.7,13.6,1.7,4.2,25.2,1.3,,,,0.9
3,Harina de maíz nixtamalizada,2.5,cucharada,18,18,65,1.7,0.7,13.6,1.7,4.2,25.2,1.3,,,,0.9
3,Harina de papa,2,cucharada,19,19,66,1.5,0.1,15,1.1,9.6,6.3,3.2,,,,6.5
3,"Harina de trigo para
panificación",2,cucharada,17,17,62,2.1,0.3,12.4,0.4,5,2.6,0.8,,,,0.4
3,Harina de trigo para pasteleria,2.5,cucharada,17,17,62,1.4,0.1,13.3,0.3,3.3,2.3,1.2,,,,0.3
3,Harina integral de centeno,2.5,cucharada,20,20,65,2.8,0.5,13.8,4.5,12,11.3,1.3,,,,0.2
3,Hojuelas de avena,0.3,taza,26,26,65,4.6,1.9,17.5,4.1,13.6,15.3,1.4,,,,0.9
3,Hojuelas de avena con maple,0.3,taza,26,26,65,4.6,1.9,17.5,4.1,13.6,15.3,1.4,,,,0.9
3,"Hojuelas de cereales con frutas
secas",0.3,taza,18,18,70,1.3,1,14,1,33.3,83.3,1.5,,,,110
3,Hojuelas de maíz azucaradas,0.3,taza,13,13,52,0.7,0.1,12,0.3,106.5,0,1.9,,,,75.6
3,"Hojuelas de maíz y trigo con
frutas y nueces",0.3,taza,18,18,70,1.3,1,14,1,33.3,83.3,1.5,,,,110
3,Hojuelas de papa para puré,20,g,20,20,71,1.7,0.1,16.2,1.3,9.2,5.4,0.2,,,,20.8
3,Hojuelas de trigo con miel,0.5,taza,18,18,62,1.6,0.4,14.3,1.9,11.9,8.1,2.8,,,,101.3
3,"Hojuelas fortificadas de trigo
entero. almeras. nueces y
miel",0.25,taza,15,15,58,1.5,1.3,11.4,1.3,24.9,39.9,1.7,,,,75.5
3,Lasagna cruda,20,g,20,20,68,1.9,0.1,14.6,0.4,5,5.2,0.4,,,,0.4
3,Lasaña cocida,20,g,20,20,68,1.9,0.1,14.6,0.4,5,5.2,0.4,,,,0.4
3,Macarrón cocido,0.3,taza,47,47,66,2.2,0.3,13.2,0.6,3.3,3.3,0.7,,,,0.3
3,Macarrón crudo,20,g,20,20,68,1.9,0.1,14.6,0.4,5,5.2,0.4,,,,0.4
3,Macarrón integral cocido,0.3,taza,47,47,58,2.5,0.3,12.4,1.3,2.3,7,0.5,,,,1.3
3,Malanga,70,g,70,60,67,0.9,0.1,15.9,2.5,13.2,25.9,0.3,,,,6.6
3,Marias cerealé fresa,1.5,pieza,15,15,66,1.1,2.1,10.7,,,,,,,,63.8
3,Ñame,100,g,100,86,66,1.9,0.1,15.1,0.4,19.8,11.2,0.4,,,,7.7
3,"Palanqueta de amaranto con
pasas",0.3,pieza,13,13,52,1,,11.2,,,,,,,,0
3,Palitos de pan,3,pieza,18,18,74,2.2,1.7,12.3,0.5,5.4,3.6,0.8,,,,117.9
3,Pan ácimo,0.3,pieza,20,20,57,1.3,1,11.1,0.5,2,16.2,0.5,,,,78.9
3,Pan árabe integral,0.3,pieza,21,21,56,2.1,0.6,1.6,1.6,7.3,3.3,0.6,,,,112.2
3,Pan bagel dulce,0.3,pieza,23,23,64,2.3,0.4,12.9,0.5,5,4.3,0.9,,,,75.6
3,Pan bagel salado,0.3,pieza,23,23,64,2.5,0.4,12.5,0.5,5.3,17.5,0.8,,,,125.1
3,pan con salvado,0.75,rebanada,27,27,67,2.4,0.9,12.9,1.1,6.8,20.3,0.8,,,,131.3
3,Pan matza,0.5,pieza,14,14,56,1.4,0.2,119,0.5,2,2,0.5,,,,0.5
3,Papa de cambray,5,pieza,115,94,72,1.5,0.1,16.5,0.5,12.3,12.3,2.5,,,,5.7
3,Papilla de arroz deshidratada,15,g,15,15,59,1.1,0.7,11.6,0.1,3.6,127.5,7.1,,,,4.8
3,Pasta cruda para sopa,20,g,20,20,68,1.9,0.1,14.6,0.4,5,5.2,0.4,,,,0.4
3,Pasta de codito,0.5,taza,20,20,74,2.5,0.2,15,0.1,5,5.4,0.3,,,,0.4
3,Pasta de estrellitas,0.25,taza,19,19,69,2.3,0.2,14.1,0.1,4.7,5.1,0.2,,,,0.4
3,Pasta de lagrimitas,0.25,taza,19,19,69,2.3,0.2,14.1,0.1,4.7,5.1,0.2,,,,0.4
3,Pasta de letras,0.25,taza,19,19,69,2.3,0.2,14.1,0.1,4.7,5.1,0.2,,,,0.4
3,Pasta de moño,0.5,taza,20,20,74,2.5,0.2,15,0.1,5,5.4,0.3,,,,0.4
3,Pasta de municiones,0.25,taza,19,19,69,2.3,0.2,14.1,0.1,4.7,5.1,0.2,,,,0.4
3,Pasta de trigo cocida,0.5,taza,60,60,78,3.2,1.1,14,0,11.6,6.3,0.7,,,,49.5
3,Pasta de trigo fresca,25,g,25,25,72,2.8,0.6,13.7,0,44,3.8,0.8,,,,6.5
3,Pasta fresca,25,g,25,25,72,2.8,0.6,13.7,0,44,3.8,0.8,,,,6.5
3,Pasta integral cocida,0.3,taza,46,46,57,2.5,0.3,12.3,2.1,2.3,6.9,0.5,,,,1.3
3,Puré de camote,0.25,taza,60,60,60,1.2,0.1,13.8,1,0.1,18,0.8,,,,44.6
3,Quaker instant 0% azúcar,0.5,sobre,18,18,60,1.5,0.7,11.8,,,,,,,,85.1
3,Salvado de trigo,6,cucharada,29,29,64,2.4,0.2,24.4,24.4,1.1,12.5,0.8,,,,2.3
3,Semolina,20,g,20,20,72,2.5,0.2,14.6,0.8,14.3,3.3,0.9,,,,0.2
3,Tallarin crudo,20,g,20,20,74,2.5,0.2,15,0.1,5,5.4,0.3,,,,0.4
3,Arroz precocido crudo,20,g,20,20,75,1.6,0.2,16.1,0.4,1.6,11,0.1,,,0.1,0.6
3,Arroz salvaje crudo,20,g,20,20,71,2.9,0.2,15,1.2,19,4.2,0.4,,,0.5,1.4
3,"Avena instantánea PLUS varios
sabores",0.3,sobre,14,14,53,1.3,1,9.8,1.2,0,0,0,,,3,38.7
3,"Avena instantánea varios
sabores",0.3,sobre,14,14,51,1,1,9.4,0.8,0,0,0,,,4.3,88.9
3,"Avena integral con pasitas.
instantánea preparada",0.5,sobre,22,22,77,1.7,0.9,16.4,1.3,44.1,55,2,,,7.8,120.8
3,Avena Quaker Old fashion,0.5,pieza,20,20,68,2.8,1.1,11.8,1.9,0,0,0,,,0.3,0
3,Barra Stila varios sabores,0.75,pieza,19,19,68,1.6,1.3,12.4,1.5,0,0,0,,,5.3,71.3
3,Barrita de avena,0.5,pieza,14,14,56,0.8,1.1,11.1,0.5,2,4.5,0.3,,,4.8,52.5
3,"Barrita de granola sabor
manzana",0.5,pieza,14,14,55,0.8,1,11.3,0.7,2,4.5,0.3,,,5.1,39.5
3,Cereal de trigo con canela,0.3,taza,13,13,58,0.4,1.6,10.7,0.4,44.4,17.8,2,,,4.4,93.3
3,Cereal Multibran Flakes,0.75,taza,19,19,65,2.4,1.3,11.1,2.6,0,0,0,,,0.4,90.6
3,Cereal Multibran pasas,0.75,taza,19,19,66,2,1,12.1,2.3,0,0,0,,,3.9,71.9
3,Cereal multigrano,0.25,taza,20,20,67,2.3,0.5,14.7,2.4,5.5,7,0.6,,,0.1,0.5
3,Cereal sin azúcar,0.5,taza,14,14,51,1.2,0.1,12,0.6,50,0.5,4.1,,,1,152
3,Couscous,0.3,taza,52,52,58,2,0.1,12,0.7,,4.3,0.2,,,0.1,2.6
3,Cuadritos de avena,0.3,taza,19,19,71,2.9,1,13.8,2.2,34.7,10.3,5.4,,,3.1,68.3
3,Cuadritos de avena con salvad,0.3,taza,19,19,71,2.9,1,13.8,2.2,34.7,10.3,5.4,,,3.1,68.3
3,"Elote amarillo desgranado
cocido",0.5,taza,83,83,66,2.3,0.4,16.2,2,38.5,3.3,0.3,,,2.6,4.2
3,Bollo de hamburguesa,0.3,pieza,25,25,65,2.4,1.1,12.5,0.6,0,25.7,0.7,,,1.8,108.2
3,Bollos para hamburguesa,0.3,pieza,25,25,65,2.4,1.1,12.5,0.6,0,25.7,0.7,,,1.8,108.2
3,Cebada,20,g,20,20,69,2.2,0.5,15.3,2.1,4.6,5.4,0.4,,,0.1,1.3
3,Cereal Avena Flakes,0.75,taza,19,19,68,1.9,1.1,12.6,1.9,0,0,0,,,2.8,53.1
3,"Cereal Chewy para niños varios
sabores",0.5,pieza,14,14,52,0.9,0.7,10.5,1.2,0,0,0,,,3.3,46.7
3,Cereal con almeras y pasas,0.3,taza,19,19,70,1.5,0.7,16.5,1.6,33.3,9.3,2.1,,,4,100
3,Cereal de arroz,0.5,taza,17,17,67,1.4,0.5,14.1,1.1,2.5,9.1,7.9,,,0.2,2
3,Cereal de avena integral. seco,0.3,taza,19,19,71,2.9,1,13.8,2.2,34.7,10.3,5.4,,,3.1,68.3
3,"Elote amarillo desgranado
crudo",0.5,taza,83,83,66,2.3,0.4,16.2,2,38.5,3.3,0.3,,,2.6,4.2
3,Elote amarillo enlatado,0.5,taza,82,82,66,2.1,0.8,15.2,1.6,40,4,0.7,,,2.3,175
3,elote blanco desgranado,0.5,taza,83,83,66,2.3,0.4,16.2,2,38.5,3.3,0.3,,,2.6,4.2
3,Elote crudo,1.5,pieza,215,82,70,2.6,1,15.5,2.2,37.5,1.6,0.4,,,2.6,12.2
3,Elote desgranado,0.5,taza,83,83,66,2.3,0.4,16.2,2,38.5,3.3,0.3,,,2.6,4.2
3,Espaguetti integral cocido,0.3,taza,47,47,58,2.5,0.3,12.4,2.1,2.3,7,0.5,,,0.4,1.4
3,Fetuccini crudo,20,g,20,20,70,2.7,0.5,14.1,0.6,3.9,4.3,0.6,,,0.6,3.2
3,Fideo crudo,20,g,20,20,72,2.7,0.5,14.5,0.7,4.2,4.2,0.6,,,0.7,1.1
3,Fruitcake,0.5,rebanada,20,20,65,0.6,1.8,12.3,0.7,0.5,6.5,0.4,,,8.6,54
3,Fusili cocido,0.3,taza,46,46,57,2.5,0.2,12.3,2.1,2.3,6.9,0.5,,,0.4,1.4
3,Galleta de animalitos,6,pieza,15,15,68,1.1,2.1,11.3,0.2,2.1,6.4,0.4,,,3.4,59.5
3,Galleta de manzana,1,pieza,15,15,50,0.5,0,12,0.5,0,0,0,,,7,30
3,Galleta maría,5,pieza,19,19,69,1.3,1.3,13.8,0.1,6.3,0,0.5,,,11.3,110.6
3,Galleta salada integral,4,pieza,16,16,70,1.6,1.9,11.2,0.4,0,4.3,0.1,,,0.6,108.8
3,Galleta de avena pasas,1.5,galletas,15,15,61,1.3,2,9.5,1.3,0,0,0,,,4.7,57
3,Galletas Marías,5,galleta,19,19,69,1.3,1.3,13.8,0.1,6.3,0,0.5,,,11.3,110.6
3,Galletas Marias azucaradas,4,galleta,16,16,63,1,1.5,11.5,0.1,32.8,0,2.2,,,3.5,98
3,Granola baja en grasa,3,cucharada,18,18,70,1.5,1.1,14.4,1.1,36.7,7,0.7,,,4.4,44.1
3,"Granola con frura seca. baja en
grasas",3,cucharada,18,18,69,1.3,0.8,14.4,1,0,6.5,0.5,,,6.2,68.7
3,Habaneras Bran trigo entero,4,galleta,18,18,72,1.7,2.4,11,1.6,0,0,0,,,0.8,90
3,habaneras Clásicas,4,galleta,18,18,75,1.8,1.7,13.1,0.6,0,0,1.6,,,0.3,128.7
3,Habaneras integrales,4,galleta,18,18,69,1.9,1.6,11.9,1.5,0,0,1.7,,,0.3,83.7
3,Harina,2.5,cucharada,20,20,73,2.1,0.2,15.3,0.5,5.3,3,0.9,,,0.3,0.5
3,Harina blanca,2.5,cucharada,20,20,73,2.1,0.2,15.3,0.5,5.3,3,0.9,,,0.3,0.5
3,Harina blanca refinada,20,g,20,20,73,2.1,0.2,15.3,0.5,5.3,3,0.9,,,0.3,0.5
3,Harina de alforfón,2.5,cucharada,20,20,67,2.5,0.6,14.1,2,0,0,0,,,0.5,7
3,Harina de arroz,2,cucharada,20,20,72,1.4,0.6,15.1,0.9,3.1,2.1,0.4,,,0.2,1.6
3,Harina integral,2.5,cucharada,19,19,64,2.6,0.3,13.6,2.3,8.3,6.4,0.7,,,0.4,0.9
3,Harina integral de trigo,2.5,cucharada,19,19,64,2.6,0.3,13.6,2.3,8.3,6.4,0.7,,,0.4,0.9
3,Harina para brownies,1.5,cucharada,13,13,60,0.7,2.3,9,0,0,0,0.2,,,6.3,36.6
3,"Harina para brownies baja en
grasa",2,cucharada,18,18,61,0.9,1.2,12.6,0.5,0,0,0.5,,,8.4,56.1
3,Harina para hot cakes,2,cucharada,18,18,61,1.7,0.2,13.3,0.5,1.5,6,0.8,,,1.9,243.6
3,Hojuelas de arroz,0.5,taza,16,16,55,3.2,0.2,11.2,0.5,50,2.5,4.1,,,1.5,125
3,"Hojuelas de avena
instantáneas con pasas y
especieas. Preparado",0.25,taza,62,62,62,1.3,0.7,12.5,1,0,42.9,1.5,,,6,93
3,"Hojuelas de avena
instantáneas con miel maple y
azúcar morena. Preparado",0.25,taza,59,59,60,1.4,0.8,11.8,1.1,0,40.9,1.4,,,4.8,95.9
3,Media noche,0.5,pieza,22,22,55,2,1,10.5,0.5,0,10,0.5,,,1.5,105
3,media noche con ajonjoli,0.5,pieza,22,22,55,2,1,10.5,0.5,0,10,0.5,,,1.5,105
3,Mijo cocido,0.3,taza,57,57,68,2,0.6,13.6,0.8,0,1.6,0.4,,,0.1,1
3,"Mueslix con manzana y
almera",0.25,taza,18,18,68,1.7,1.6,13.2,1.5,0,11.1,1.5,,,3,87.1
3,Nutritas variedad de sabores,0.5,bolsita,17,17,67,1.4,1.4,12.3,0.5,0,0,0,,,0.5,99
3,Palanqueta de amaranto,0.5,pieza,20,20,72,3.2,1.7,16.6,0.6,0,0,0,,,11.2,0
3,Palomitas acarameladas,0.5,taza,18,18,76,0.7,2.3,13.9,0.9,0.5,7.5,0.3,,,6.9,36
3,"Palomitas acarameladas sin
grasa",0.75,taza,19,19,69,1.7,0,10,0,0,0,0,,,0.6,131.3
3,Pambazo,0.5,pieza,25,25,67,2.5,1,12.5,1.5,0,10.5,0.3,,,1,142.3
3,Pan árabe,0.3,pieza,20,20,54,1.8,0.2,11,0.4,0,17,0.5,,,0.3,106.1
3,Pan baguette,0.14,pieza,27,27,72,2.2,1,13.4,0.6,9.7,29.2,0.8,,,1,145.8
3,Pan de hambueguesas chico,0.5,pieza,26,26,67,2.5,1.1,12.9,0.7,0,26.5,0.7,,,1.9,111.5
3,Pan de hot dog,0.5,pieza,22,22,55,2,1,10.5,0.5,0,10,0.5,,,1.5,105
3,Pan de hot dog con ajonjoli,0.5,pieza,22,22,55,2,1,10.5,0.5,0,10,0.5,,,1.5,105
3,pan de jengibre,1,rebanada,25,25,72,0.9,2.2,11.9,0,0,18.8,0.5,,,6.3,115.6
3,Pan para hambuerguesa chico,0.5,pieza,26,26,67,2.5,1.1,12.9,0.7,0,26.5,0.7,,,1.9,111.5
3,"Pan para hambuerguesa
grae",0.3,pieza,25,25,65,2.4,1.1,12.5,0.6,0,25.7,0.7,,,1.8,108.2
3,Pan para pambazo,0.5,pieza,25,25,67,2.5,1,12.5,1.5,0,10.5,0.3,,,1,142.3
3,Pan tipo media noche,0.5,pieza,22,22,55,2,1,10.5,0.5,0,10,0.5,,,1.5,105
3,Pan tostado,1,rebanada,15,15,64,1.6,1.2,11.8,0.1,0,13.5,0.9,,,2.2,88.1
3,Panqué fat-free,0.5,rebanada,25,25,71,1.4,0.3,15.3,0.3,17.5,10.8,0.5,,,8.6,85.3
3,Papa al horno sin cáscara,0.5,pieza,78,78,73,1.6,0.1,16.8,1.2,7,4,0.3,,,1.4,4
3,Papa cocida sin cascara,0.5,pieza,68,68,58,1.2,0.1,13.7,1.2,6.1,5.4,0.2,,,0.6,3.4
3,Papa hervida pelada,0.5,pieza,68,68,58,1.2,0.1,13.7,1.2,6.1,5.4,0.2,,,0.6,3.4
3,Papa picada,0.75,taza,128,105,72,1.8,0.1,16.4,2.5,18.8,9.4,0.5,,,1.2,6.3
3,Papa roja cruda,0.5,pieza,85,85,60,1.6,0.1,13.5,1.4,15.3,8.5,0.6,,,0.9,5.1
3,Papas hojuelas para puré,20,g,20,20,71,1.7,0.1,16.2,1.3,9.2,5.4,0.2,,,0.7,20.8
3,Papilla de arroz,0.5,taza,17,17,67,1.4,0.5,14.1,1.1,2.5,9.1,7.9,,,0.2,2
3,Papilla de maíz deshidratada,0.75,sobre,21,21,72,1.8,0.2,16.6,1.1,1.5,4.5,6.6,,,0.1,228.8
3,Puré de papa hojuelas,0.3,taza,20,20,70,1.7,0.1,16.1,1.3,9.1,5.3,0.2,,,0.7,20.6
3,Salvado de trigo,8,cucharada,31,31,66,4.8,1.3,19.8,13.1,24.5,22.5,3.2,,,0.7,1
3,Semora de maíz preparada,0.5,taza,121,121,72,1.7,0.3,15.6,0.4,0,3.5,0.2,,,0.1,2.5
3,"Sopa instan ramen sin
preparar",50,g,50,50,67,2,1,11.3,0.7,0,0,1.4,,,1.3,493.5
3,Telera,0.3,pieza,23,23,62,1.8,0.8,11.5,0.6,8.3,24.9,0.7,,,0.8,124.7
3,Arroz inflado con cocoa,0.5,taza,17,17,64,0.9,0.2,14.7,0.1,58.2,3,1,82,,,126.2
3,Arroz cocido,0.25,taza,47,47,60,1.1,0.1,13.3,0.1,26,1.4,0.7,64,29.8,,0
3,Arroz integral cocido,0.3,taza,65,65,73,1.5,0.5,15.3,1.2,2.6,6.7,0.3,66,42.9,,0.7
3,Arroz precocido cocido,0.3,taza,52,52,64,1.5,0.2,13.6,0.5,1.6,9.9,0.1,48,25,0.1,1
3,Arroz salvaje cocido,0.3,taza,54,54,55,2.1,0.2,11.6,1,14.1,1.7,0.3,54,29.2,0.4,1.7
3,Atole en polvo,7,cucharadita,18,18,68,0,0,16.4,0,0,0,0,74,13.5,,0
3,Atole en sobre,0.3,sobre,16,16,58,0,0,14,0,0,0,0,51,7.9,,0
3,Atole vitaminado,0.3,sobre,16,16,59,0,0,14.1,0,0,0,0,51,8,,0
3,Avena cocida,0.75,taza,164,164,66,5.2,1.3,18.8,4.3,10.5,16.4,1.4,50,82.1,,1.5
3,Avena con canela y especias,0.3,sobre,15,15,56,1.3,0.7,11.7,1,29,36.3,1.3,65,9.9,5.1,81.2
3,Avena con manzana y canela,0.3,sobre,14,14,53,1.2,0.7,10.9,0.9,27.1,33.9,1.2,65,9.2,4.8,75.9
3,Avena con pasitas y especias,0.3,sobre,14,14,53,1.2,0.7,10.9,0.9,27.1,33.9,1.2,65,9.2,4.8,75.9
3,Avena en hojuelas,0.5,taza,20,20,73,3.2,1.3,13.4,2,0,10.4,0.8,65,13,0.2,0.8
3,Avena instantánea preparada,0.3,taza,77,77,53,1.8,1.1,9,1.3,54.8,61.8,4.6,65,50.2,0.4,37.8
3,Bagel,0.3,pieza,24,24,65,2.5,0.4,12.6,0.5,5.3,17.7,0.8,72,17,,126.3
3,Baguette,0.14,pieza,27,27,72,2.2,1,13.4,0.6,9.7,29.2,0.8,95,25.7,1,145.8
3,Cereal de salvado de trigo,0.3,taza,21,21,54,2.6,0.7,15.3,6.7,66.7,66.7,3,42,8.7,4,189.3
3,Cereal de trigo sabor frutas,0.5,taza,15,15,60,0.5,0.8,13,0,50,10,2.1,69,10.4,6.5,100
3,Cereal integral con pasitas,0.3,taza,20,20,66,2,0.5,15.7,2.7,33.3,11.7,1.5,42,8.5,6,130
3,Elote amarillo cocido,1.5,pieza,174,66,71,2.2,0.8,16.6,1.9,30.4,1.6,0.3,53,35,2.7,0
3,Elote amarillo congelado,1.5,pieza,188,71,70,2.3,0.6,16.7,2,27.9,2.9,0.5,47,33.5,,2.3
3,burbujas de maíz azucaradas,0.5,taza,16,16,59,0.7,0.1,14,0.2,50,2,0.9,80,12.4,7,59.5
3,Cebada perla cocida,0.3,taza,52,52,64,1.2,0.2,14.8,2,8.3,5.7,0.7,25,13.1,,1.7
3,Centeno,5,cucharadita,22,22,72,2.6,0.4,15.9,0.4,0,8.2,0.8,41,8.9,,0
3,"Cereal de arroz inflado con
chocolate",0.5,taza,16,16,62,1.1,0.6,13.8,1.2,3,4.5,0.2,82,13.1,1.5,1.9
3,Elote blanco cocido,1.5,pieza,215,82,70,2.6,1,15.5,2.2,37.5,1.6,0.4,59,48.1,2.6,12.2
3,Elote enlatado,0.5,taza,82,82,66,2.1,0.8,15.2,1.6,40,4,0.7,46,37.7,2.3,175
3,English miffin,0.5,pieza,29,29,67,2.2,0.5,13.1,0.8,10.5,49.5,0.7,77,21.9,,132
3,Espagueti cocido,0.3,taza,46,46,57,2.5,0.2,12.3,2.1,2.3,6.9,0.5,44,20.3,0.4,1.4
3,Espaguetti cocido,0.3,taza,47,47,58,2.5,0.3,12.4,2.1,2.3,7,0.5,44,20.5,0.4,1.4
3,Harina de amaranto,2,cucharada,19,19,68,2.7,1,11.9,1.3,0,0,0,66,12.5,,0.2
3,Harina de trigo,2.5,cucharada,20,20,71,2,0.2,14.9,0.5,5.2,3,0.9,41,8,0.3,0.5
3,Harina de trigo integral,2.5,cucharada,19,19,64,2.6,0.3,13.6,2.3,8.3,6.4,0.7,30,5.6,0.4,0.9
3,Hojuelas de maíz,0.75,taza,19,19,67,1.4,0.1,15.8,0.6,109.3,1.3,5.4,81,15.2,1.8,136.7
3,Hot cake,0.75,pieza,38,38,69,2.5,2.3,9.7,0,4.9,81.9,0.7,67,25.1,,164.8
3,Maíz amarillo,20,g,20,18,67,2.2,0.9,13,2.2,0,1.5,0.4,53,9.8,,0.2
3,Maíz blanco cocido,25,g,25,19,68,2.2,0.9,13.3,2.3,0,1.5,0.4,59,11.1,,0.2
3,Palomitas,2.5,taza,18,18,70,3.5,0,14,3.5,0,0,0,55,9.6,,140
3,Pan 7 granos,1,rebanada,26,26,65,2.6,1,12.1,1.7,12,24,0.9,55,14.3,,127
3,Pan blanco,1,rebanada,27,27,71,2.2,0.8,13.6,0.5,27.8,101.3,1.1,70,18.9,,149.9
3,Pan centeno,0.75,rebanada,24,24,62,2,0.8,11.6,1.4,12,17.3,0.7,41,9.8,,158.3
3,Pan de 7 granos,1,rebanada,26,26,65,2.6,1,12.1,1.7,12,24,0.9,55,14.3,,127
3,Pan de avena,1,rebanada,30,30,71,3.1,1.3,11.9,1.3,6.8,20,0.9,47,14.1,,122
3,Pan de caja,1,rebanada,27,27,71,2.2,0.8,13.6,0.5,0,101.3,1.1,70,18.9,,149.9
3,Pan de caja integral,1,rebanada,25,25,67,2.4,1,12.6,1.1,12,78,1,54,13.5,,145.8
3,Pan de centeno y comino,1,rebanada,20,20,55,1.7,0.5,11,0.3,8,0,0,41,8.2,,140
3,Pan de centeno y trigo,1,rebanada,28,28,73,2.6,0.2,15,0.1,27.8,10.6,0.8,41,11.5,,156
3,Pan de girasol integral,1,pieza,25,25,57,2.1,1.4,9.7,1.1,29,0,0,57,14.3,,90.5
3,Pan integral,1,rebanada,25,25,67,2.4,1,12.6,1.1,29,78,1,54,13.5,,145.8
3,Pan melba,3,pieza,15,15,60,1.8,0.6,11.4,0.9,3,15,0.6,70,10.5,,123
3,Pan negro,1,rebanada,26,26,69,2.1,0.5,15.2,0.3,0,12.7,2.4,47,12.2,,144.8
3,Pan negro con trigo,1,rebanada,25,25,65,2,0.5,14.6,0.3,0,0,0,47,11.8,,0
3,"Pan tipo ""english miffin""",0.5,pieza,29,29,67,2.2,0.5,13.1,0.8,10.5,49.5,0.7,77,21.9,,132
3,Papa al horno con cáscara,0.5,pieza,78,78,73,1.5,0.1,16.8,1.2,7,3.9,0.3,60,46.8,1.3,3.9
3,Papa cocida,0.5,pieza,68,68,59,1.3,0.1,13.7,1.2,7.1,3.5,0.2,54,36.7,0.6,2.5
3,Papa hervida con piel,0.5,pieza,68,68,59,1.3,0.1,13.7,1.2,7.1,3.5,0.2,65,44.2,0.6,2.5
3,Pasta cocida,0.5,taza,60,60,78,3.2,1.1,14,0,11.6,6.3,0.7,44,26.4,,49.5
3,Pasta ángel,1,rebanada,28,28,73,1.7,0.2,16.4,0.4,1,40,0.2,67,18.8,,212
3,Pretzels,6,pieza,18,18,69,1.7,0.6,14.5,0.6,15.4,6.4,0.8,83,14.9,,312.4
3,Tapioca,2,cucharada,19,19,65,0,0,16.2,0,0,0,0,70,13.6,,0
3,Tortilla,1,pieza,30,30,64,1.4,0.5,13.6,0.6,0,58.8,0.8,52,15.6,,0
3,Tortilla de maíz,1,pieza,30,30,64,1.4,0.5,13.6,0.6,0,58.8,0.8,52,15.6,,0
3,Tortilla de mapiz blanco,1,pieza,30,30,67,1.8,0.5,14.2,1.3,0,32.4,0.8,52,15.6,,0
